Combination,Occurrence F1,ROC-AUC,MAE,RMSE,Heavy Rain F1
RF + RF,0.8054320929741647,0.9006921812210475,0.29249122919380965,0.7636202605441184,0.3434343434343434
RF + XGB,0.8054320929741647,0.9006921812210475,0.2709573635350778,0.7140400412589629,0.4300341296928328
RF + LGBM,0.8054320929741647,0.9006921812210475,0.2676337437692499,0.7024327839944435,0.39057239057239057
XGB + RF,0.772796770839704,0.8897047144608938,0.32280057695865083,0.7687758393352161,0.3434343434343434
XGB + XGB,0.772796770839704,0.8897047144608938,0.29294056596969004,0.7141518283102395,0.4300341296928328
XGB + LGBM,0.772796770839704,0.8897047144608938,0.28916330795713985,0.7017090923021068,0.39057239057239057
LGBM + RF,0.7764162503534735,0.882325148063158,0.294455629296133,0.7645046747217404,0.3469387755102041
LGBM + XGB,0.7764162503534735,0.882325148063158,0.27331262733939554,0.7179395201779338,0.4300341296928328
LGBM + LGBM,0.7764162503534735,0.882325148063158,0.26993567502908805,0.7064609035976162,0.39057239057239057
